CRASH_RECORD_ID,RD_NO,CRASH_DATE_EST_I,CRASH_DATE,POSTED_SPEED_LIMIT,TRAFFIC_CONTROL_DEVICE,DEVICE_CONDITION,WEATHER_CONDITION,LIGHTING_CONDITION,FIRST_CRASH_TYPE,TRAFFICWAY_TYPE,LANE_CNT,ALIGNMENT,ROADWAY_SURFACE_COND,ROAD_DEFECT,REPORT_TYPE,CRASH_TYPE,INTERSECTION_RELATED_I,NOT_RIGHT_OF_WAY_I,HIT_AND_RUN_I,DAMAGE,DATE_POLICE_NOTIFIED,PRIM_CONTRIBUTORY_CAUSE,SEC_CONTRIBUTORY_CAUSE,STREET_NO,STREET_DIRECTION,STREET_NAME,BEAT_OF_OCCURRENCE,PHOTOS_TAKEN_I,STATEMENTS_TAKEN_I,DOORING_I,WORK_ZONE_I,WORK_ZONE_TYPE,WORKERS_PRESENT_I,NUM_UNITS,MOST_SEVERE_INJURY,INJURIES_TOTAL,INJURIES_FATAL,INJURIES_INCAPACITATING,INJURIES_NON_INCAPACITATING,INJURIES_REPORTED_NOT_EVIDENT,INJURIES_NO_INDICATION,INJURIES_UNKNOWN,CRASH_HOUR,CRASH_DAY_OF_WEEK,CRASH_MONTH,LATITUDE,LONGITUDE,LOCATION
012c5bfce715efb2f2b387d6dd86f9c13e9dc1809fb52ac71501da6110fbd95848a4f380e1b553f8dc03c70f782e85adb155ab97cbeabef83ba76d390c21f535,JG341943,,07/12/2023 03:05:00 PM,30,NO CONTROLS,NO CONTROLS,CLEAR,DAYLIGHT,TURNING,NOT DIVIDED,,STRAIGHT AND LEVEL,UNKNOWN,NO DEFECTS,NOT ON SCENE (DESK REPORT),NO INJURY / DRIVE AWAY,,,,"OVER $1,500",07/15/2023 11:30:00 AM,IMPROPER TURNING/NO SIGNAL,UNABLE TO DETERMINE,4754,W,63RD ST,813,,,,,,,2,NO INDICATION OF INJURY,0,0,0,0,0,2,0,15,4,7,41.778541938,-87.742064741,POINT (-87.742064741348 41.778541938106)
01d457f032e23d935a0b8f6b4c88221375180ffd4cd959492eea49079953f5168d9dd08cba3d0061a8611e8c1115d2d7b83f39578025012b5f286671e7bcf4ec,JG338388,,07/12/2023 05:50:00 PM,30,NO CONTROLS,NO CONTROLS,CLEAR,DAYLIGHT,REAR END,NOT DIVIDED,,STRAIGHT AND LEVEL,DRY,NO DEFECTS,NOT ON SCENE (DESK REPORT),NO INJURY / DRIVE AWAY,,,,"$501 - $1,500",07/12/2023 06:41:00 PM,FOLLOWING TOO CLOSELY,NOT APPLICABLE,8300,S,PULASKI RD,834,,,,,,,2,NO INDICATION OF INJURY,0,0,0,0,0,2,0,17,4,7,41.742130554,-87.7218241,POINT (-87.72182410033 41.742130554062)
02249b4747a4bf40b88a8357304a98dfeaef9c38eebbf00c3fbedb50b61241515d2d1f4461f23962841f95438429b5cd9e5c0cdacc1d224cad0b2876ce330d33,JG350008,,07/12/2023 02:00:00 PM,30,NO CONTROLS,NO CONTROLS,CLEAR,DAYLIGHT,OTHER OBJECT,NOT DIVIDED,,STRAIGHT AND LEVEL,DRY,"RUT, HOLES",NOT ON SCENE (DESK REPORT),NO INJURY / DRIVE AWAY,,Y,,"$501 - $1,500",07/21/2023 10:10:00 AM,NOT APPLICABLE,NOT APPLICABLE,9615,S,STONY ISLAND AVE,431,,,,,,,1,NO INDICATION OF INJURY,0,0,0,0,0,1,0,14,4,7,41.719844228,-87.584789975,POINT (-87.584789974824 41.719844228292)
03e3b6caad71b78ed9ae325648effa9512bfb2517aed3054e396c283dcfe869598b1a63db575c612fa4205c9b49f515c756cef13d72dcdcc3ef12993874c407a,JG338049,,07/12/2023 07:05:00 AM,30,TRAFFIC SIGNAL,UNKNOWN,FREEZING RAIN/DRIZZLE,DAYLIGHT,REAR END,NOT DIVIDED,,STRAIGHT AND LEVEL,UNKNOWN,UNKNOWN,NOT ON SCENE (DESK REPORT),NO INJURY / DRIVE AWAY,,,,"$501 - $1,500",07/12/2023 02:18:00 PM,FOLLOWING TOO CLOSELY,UNABLE TO DETERMINE,2370,N,ASHLAND AVE,1811,,,,,,,2,NO INDICATION OF INJURY,0,0,0,0,0,2,0,7,4,7,41.925104953,-87.668291182,POINT (-87.668291181568 41.925104953308)
0481fc919b38f1572d4ba04b069766102d904a662ff0969f04266ebc48a9605d625c64356bd669d7bc1b778f5500a140812b58f19f2044372e50b31a01f030d4,JG338431,,07/12/2023 06:30:00 PM,30,NO CONTROLS,NO CONTROLS,CLEAR,DAYLIGHT,REAR END,NOT DIVIDED,,STRAIGHT AND LEVEL,WET,NO DEFECTS,NOT ON SCENE (DESK REPORT),NO INJURY / DRIVE AWAY,,,,"OVER $1,500",07/12/2023 07:15:00 PM,FOLLOWING TOO CLOSELY,FOLLOWING TOO CLOSELY,5200,N,ELSTON AVE,1623,,,,,,,2,NO INDICATION OF INJURY,0,0,0,0,0,2,0,18,4,7,41.975258095,-87.751990557,POINT (-87.751990557158 41.97525809527)
0500576055e3d46b0ed507761bfeae64457b1b58871f42b70f71fc5a464b4bf6364d2d8364bc90d5c093de919ecb3826bc6f1be7864b07998f3df9179f069040,JF345041,,08/05/2022 09:25:00 AM,30,NO CONTROLS,NO CONTROLS,CLEAR,DAYLIGHT,TURNING,T-INTERSECTION,,STRAIGHT AND LEVEL,DRY,NO DEFECTS,NOT ON SCENE (DESK REPORT),NO INJURY / DRIVE AWAY,Y,,,"OVER $1,500",08/05/2022 10:20:00 AM,IMPROPER TURNING/NO SIGNAL,FAILING TO REDUCE SPEED TO AVOID CRASH,1650,N,THROOP ST,1433,,,,,,,2,NO INDICATION OF INJURY,0,0,0,0,0,2,0,9,6,8,41.912215555,-87.661907974,POINT (-87.661907974376 41.912215555223)
067575f551ac7df5aa918f14e1fb63daa10dcb0790d2a17af577d0b1ac6606d8506608e1f7d48c4a34fced54bd0b93591cfdce6a0cae43d23d58fcf195b68ffb,JG337491,N,07/12/2023 02:45:00 AM,35,NO CONTROLS,NO CONTROLS,RAIN,"DARKNESS, LIGHTED ROAD",SIDESWIPE SAME DIRECTION,DIVIDED - W/MEDIAN (NOT RAISED),,STRAIGHT AND LEVEL,WET,NO DEFECTS,ON SCENE,INJURY AND / OR TOW DUE TO CRASH,,,Y,"OVER $1,500",07/12/2023 02:55:00 AM,UNABLE TO DETERMINE,UNABLE TO DETERMINE,1922,N,PULASKI RD,2534,,,,,,,2,NO INDICATION OF INJURY,0,0,0,0,0,3,0,2,4,7,41.916055791,-87.726673527,POINT (-87.726673526828 41.91605579143)
07acb1d484e4c78c22307e80ec0daa51cb4f40a049985638c185c765d516a666790f66a9ac4dee8b480c84eb9f0ec2b5486eb3f9897abdde0b411eadce9d41d0,JB443362,,09/20/2018 11:10:00 AM,25,NO CONTROLS,NO CONTROLS,CLEAR,DAYLIGHT,SIDESWIPE SAME DIRECTION,NOT DIVIDED,,STRAIGHT AND LEVEL,DRY,NO DEFECTS,NOT ON SCENE (DESK REPORT),NO INJURY / DRIVE AWAY,,,,"$501 - $1,500",09/20/2018 12:10:00 PM,FAILING TO YIELD RIGHT-OF-WAY,FAILING TO YIELD RIGHT-OF-WAY,1632,N,THROOP ST,1433,,,,,,,2,NO INDICATION OF INJURY,0,0,0,0,0,2,0,11,5,9,41.911661913,-87.661513686,POINT (-87.66151368637 41.911661913381)
09205e5b5b761edc90dbd36ee25a883d1e18da617aa5b33dccc2e0680320df4cb00fed03a5c7a10ab87b13c8d2dbbc25d095f6d19d61bd53040f5969bd8a4636,JG338417,,07/12/2023 05:50:00 PM,30,STOP SIGN/FLASHER,FUNCTIONING PROPERLY,RAIN,DAYLIGHT,TURNING,NOT DIVIDED,,STRAIGHT AND LEVEL,UNKNOWN,UNKNOWN,NOT ON SCENE (DESK REPORT),NO INJURY / DRIVE AWAY,Y,,,"$501 - $1,500",07/12/2023 06:55:00 PM,IMPROPER TURNING/NO SIGNAL,IMPROPER OVERTAKING/PASSING,2732,N,CANNON DR,1935,,,,,,,2,NO INDICATION OF INJURY,0,0,0,0,0,7,0,17,4,7,41.931852076,-87.638177074,POINT (-87.638177073552 41.931852075785)
093fc24cf0d63df8bb9858e38fa8316e57a9e03188a608fac5ab17efdc947f5630a33894fda4c5cd63d975afcea1667871b365458660c1007f9f1f11963550e5,JG337865,Y,07/12/2023 11:00:00 AM,30,NO CONTROLS,NO CONTROLS,RAIN,DAYLIGHT,ANGLE,NOT DIVIDED,,STRAIGHT AND LEVEL,WET,NO DEFECTS,NOT ON SCENE (DESK REPORT),NO INJURY / DRIVE AWAY,,,,"OVER $1,500",07/12/2023 11:45:00 AM,FAILING TO YIELD RIGHT-OF-WAY,WEATHER,1649,W,JONQUIL TER,2422,,,,,,,2,NO INDICATION OF INJURY,0,0,0,0,0,2,0,11,4,7,42.021069763,-87.672691724,POINT (-87.672691723918 42.021069763335)
0a85fb19eb52911999ac5087ae34da0ae8d70d189bba2fc8707d2833ef349bc4f34bbd00e51d7e9dc0419a9cdcd9e449ba23c7540b47c4f7f0f3c47a1278488c,JG337673,,07/12/2023 08:45:00 AM,5,NO CONTROLS,NO CONTROLS,RAIN,DAYLIGHT,PARKED MOTOR VEHICLE,PARKING LOT,,STRAIGHT AND LEVEL,WET,NO DEFECTS,ON SCENE,NO INJURY / DRIVE AWAY,,Y,,"OVER $1,500",07/12/2023 08:48:00 AM,IMPROPER BACKING,NOT APPLICABLE,2904,W,CERMAK RD,1022,,,,,,,2,NO INDICATION OF INJURY,0,0,0,0,0,1,0,8,4,7,41.851961641,-87.699410163,POINT (-87.699410163464 41.851961641246)
0c3c64d60babc9aa645ad66e7a71197fec84e4810eac5e69f4de9c0d3cb04ebc1846944585f426ca840072eb788e5a250c829568abe2cbb6ac3755ab3e3841ce,JG337973,,07/12/2023 11:50:00 AM,30,TRAFFIC SIGNAL,FUNCTIONING PROPERLY,RAIN,DAYLIGHT,ANGLE,NOT DIVIDED,,STRAIGHT AND LEVEL,WET,NO DEFECTS,NOT ON SCENE (DESK REPORT),NO INJURY / DRIVE AWAY,,,Y,"OVER $1,500",07/12/2023 01:15:00 PM,IMPROPER LANE USAGE,IMPROPER OVERTAKING/PASSING,7901,S,CICERO AVE,834,,,,,,,2,NO INDICATION OF INJURY,0,0,0,0,0,2,0,11,4,7,41.749065056,-87.741203904,POINT (-87.741203904025 41.749065056465)
0da6d1b5beb412b8812a0721e69db429779f6e8f7dc807109562fbfe349f3e15a0b879a06685987c788f64bd696df79516905fcc91c42b71b8d136af39002701,JG337959,,07/12/2023 12:23:00 PM,30,TRAFFIC SIGNAL,FUNCTIONING PROPERLY,RAIN,DAYLIGHT,SIDESWIPE SAME DIRECTION,ONE-WAY,,STRAIGHT AND LEVEL,WET,NO DEFECTS,ON SCENE,NO INJURY / DRIVE AWAY,,,,"$501 - $1,500",07/12/2023 12:58:00 PM,UNABLE TO DETERMINE,NOT APPLICABLE,3299,S,WENTWORTH AVE,915,,,,,,,2,NO INDICATION OF INJURY,0,0,0,0,0,2,0,12,4,7,41.834685441,-87.631455882,POINT (-87.631455881693 41.834685440788)
0dd257801c6dfa6403862921e0811f86b42af6d96954e0b7af63600693523c91c299918dedabd615dc53a69dff52dd460b0068344775bdd7977820400fb47c68,JG338628,,07/12/2023 09:50:00 PM,25,STOP SIGN/FLASHER,FUNCTIONING PROPERLY,CLEAR,"DARKNESS, LIGHTED ROAD",ANGLE,FOUR WAY,,STRAIGHT AND LEVEL,DRY,NO DEFECTS,ON SCENE,INJURY AND / OR TOW DUE TO CRASH,Y,,,"OVER $1,500",07/12/2023 10:50:00 PM,FAILING TO YIELD RIGHT-OF-WAY,EQUIPMENT - VEHICLE CONDITION,4859,N,MONTICELLO AVE,1712,,,,,,,2,NO INDICATION OF INJURY,0,0,0,0,0,4,0,21,4,7,41.970066507,-87.719377867,POINT (-87.719377866529 41.970066506737)
0e0743c4cd74e2f193b3a373c2c3a2ac4e97735722db24687f30072be38d9e59f100b0f8aa062e09f338efdacb15d6e71bd26128793da6cbb8d9ecf8a5205872,JG338014,,07/12/2023 01:49:00 PM,30,TRAFFIC SIGNAL,FUNCTIONING PROPERLY,RAIN,DAYLIGHT,SIDESWIPE OPPOSITE DIRECTION,NOT DIVIDED,,STRAIGHT AND LEVEL,WET,UNKNOWN,ON SCENE,INJURY AND / OR TOW DUE TO CRASH,,,Y,"OVER $1,500",07/12/2023 01:50:00 PM,DRIVING ON WRONG SIDE/WRONG WAY,IMPROPER LANE USAGE,2500,S,KEDZIE AVE,1024,,,,,,,2,"REPORTED, NOT EVIDENT",1,0,0,0,1,3,0,13,4,7,41.846241455,-87.705238924,POINT (-87.705238923566 41.846241455219)
0e30a7e3333f78e0d3df30892a7f5c8bf3fc821e4cd3462c452d9844446494180be6af050de3cdab24ba5e7f042658ec676b9248b571237bc2293983d9e72631,JG338445,,07/12/2023 05:40:00 PM,30,STOP SIGN/FLASHER,FUNCTIONING PROPERLY,RAIN,DAYLIGHT,ANGLE,FOUR WAY,,STRAIGHT AND LEVEL,WET,NO DEFECTS,NOT ON SCENE (DESK REPORT),NO INJURY / DRIVE AWAY,Y,,,"OVER $1,500",07/12/2023 07:00:00 PM,DISREGARDING STOP SIGN,DISREGARDING STOP SIGN,1259,W,DEVON AVE,2433,,,,,,,2,NO INDICATION OF INJURY,0,0,0,0,0,2,0,17,4,7,41.998050334,-87.662985289,POINT (-87.662985288699 41.998050334054)
0e9807ec259d78275a62109be5d224987ada8e872417c47bbdfe229f04cd1062a169461da8df99f1c06a3786628a709368a127e34aeffdcc8406f76527100ed2,JG338133,,07/12/2023 03:30:00 PM,30,TRAFFIC SIGNAL,FUNCTIONING PROPERLY,RAIN,DAYLIGHT,TURNING,DIVIDED - W/MEDIAN BARRIER,,STRAIGHT AND LEVEL,DRY,NO DEFECTS,NOT ON SCENE (DESK REPORT),NO INJURY / DRIVE AWAY,Y,,,"OVER $1,500",07/12/2023 04:00:00 PM,FOLLOWING TOO CLOSELY,NOT APPLICABLE,1200,W,MONROE ST,1224,,,,,,,2,NO INDICATION OF INJURY,0,0,0,0,0,2,0,15,4,7,41.880437344,-87.657224748,POINT (-87.65722474815 41.880437343648)
0e993414a5c137bfce066ce7dfee8880a682079084157b4045ff1ab0504d2ad2470cdc27a33aaadeeedd6838663da0d84a1bce65b437ee166d093050f1e3bf99,JG338187,,07/12/2023 03:23:00 PM,30,NO CONTROLS,NO CONTROLS,CLEAR,DAYLIGHT,PARKED MOTOR VEHICLE,NOT DIVIDED,,STRAIGHT AND LEVEL,WET,NO DEFECTS,ON SCENE,INJURY AND / OR TOW DUE TO CRASH,,,,"$501 - $1,500",07/12/2023 03:24:00 PM,UNABLE TO DETERMINE,NOT APPLICABLE,6406,N,TALMAN AVE,2412,,,,,,,2,NO INDICATION OF INJURY,0,0,0,0,0,2,0,15,4,7,41.997883987,-87.696142523,POINT (-87.696142523088 41.997883987212)
0e84859d01dc41ec2f05ed47309c184f2ae1eb01f5beb5562857b44fafebbe1155bd6a4b35615a681bbc3397ae14ae4f1cfdd5ec5a91616d284bbf57e400de6b,JG330340,,07/06/2023 04:30:00 PM,30,UNKNOWN,NO CONTROLS,CLEAR,DAYLIGHT,REAR END,NOT DIVIDED,,STRAIGHT AND LEVEL,DRY,NO DEFECTS,,NO INJURY / DRIVE AWAY,Y,,Y,"$501 - $1,500",07/06/2023 05:00:00 PM,UNABLE TO DETERMINE,UNABLE TO DETERMINE,3198,W,VAN BUREN ST,1124,,,,,,,2,NO INDICATION OF INJURY,0,0,0,0,0,2,0,16,5,7,41.87598649,-87.70585041,POINT (-87.705850409978 41.875986490226)
10eb794e346f88a0e444e4bd2fb1c8be6a038bc919566779c332487c84c79ee4a88e93b0caa7ccde091fb194e8fce0df80199edcd266bd70b8ebf1759711f4da,JF517187,,12/20/2022 10:25:00 AM,30,NO CONTROLS,NO CONTROLS,CLEAR,DAYLIGHT,TURNING,NOT DIVIDED,,STRAIGHT AND LEVEL,DRY,NO DEFECTS,NOT ON SCENE (DESK REPORT),NO INJURY / DRIVE AWAY,,,,"$501 - $1,500",12/20/2022 11:25:00 AM,FAILING TO YIELD RIGHT-OF-WAY,NOT APPLICABLE,1612,N,THROOP ST,1433,,,,,,,2,NO INDICATION OF INJURY,0,0,0,0,0,2,0,10,3,12,41.911152139,-87.661327786,POINT (-87.661327785943 41.911152139122)
10f41b5b05a702fe5480dc7bb825dfd5b13a7badfdcffa6e188d845cf7fa4278f0607f6a5ce247795c889290f22dd967122afdce83661f5f6f7d4f3d75625eee,JG345941,,07/12/2023 01:30:00 PM,30,NO CONTROLS,NO CONTROLS,CLEAR,DAYLIGHT,PARKED MOTOR VEHICLE,NOT DIVIDED,,STRAIGHT AND LEVEL,DRY,NO DEFECTS,NOT ON SCENE (DESK REPORT),NO INJURY / DRIVE AWAY,,,Y,$500 OR LESS,07/18/2023 11:50:00 AM,UNABLE TO DETERMINE,NOT APPLICABLE,4350,W,14TH ST,1011,,,,,,,2,NO INDICATION OF INJURY,0,0,0,0,0,1,0,13,4,7,41.862495839,-87.734451394,POINT (-87.734451394384 41.862495838804)
11d15c6567af29ebf6b948be4e66507cf2d6e8730377f388875550d3fd95cfb5f48b13128ef36895bef0483c2c813550d3816c8a5e865ed0e6365b5e1444ad2a,JG340852,,07/12/2023 07:00:00 PM,30,UNKNOWN,UNKNOWN,UNKNOWN,UNKNOWN,ANGLE,UNKNOWN,,STRAIGHT AND LEVEL,UNKNOWN,UNKNOWN,NOT ON SCENE (DESK REPORT),NO INJURY / DRIVE AWAY,,,,"OVER $1,500",07/14/2023 03:20:00 PM,UNABLE TO DETERMINE,NOT APPLICABLE,7753,W,HIGGINS AVE,1613,,,,,,,2,NO INDICATION OF INJURY,0,0,0,0,0,2,0,19,4,7,41.983127915,-87.821467337,POINT (-87.821467337492 41.983127915258)
12d529eefa5a78b86aa4ec0eb3173d3cbcb13a8a35d6ab355e18de76a45e1fb24359a62327ea3b8602fdd8561c2bb6c1142f8702afad9e511421edde3ddb62b3,JG338437,,07/12/2023 06:35:00 PM,30,NO CONTROLS,NO CONTROLS,RAIN,DAYLIGHT,SIDESWIPE SAME DIRECTION,NOT DIVIDED,,STRAIGHT AND LEVEL,WET,UNKNOWN,ON SCENE,NO INJURY / DRIVE AWAY,,,Y,"OVER $1,500",07/12/2023 06:37:00 PM,UNABLE TO DETERMINE,UNABLE TO DETERMINE,2451,W,COLUMBUS AVE,835,,,,,,,4,NO INDICATION OF INJURY,0,0,0,0,0,6,0,18,4,7,41.758216353,-87.68477167,POINT (-87.684771670493 41.758216352891)
1330c0c9dc8729dfa3c8ac4b0444f02031bf72b8770eee388276b1ed5f6010f26dede2b1f70b76bcdad19953b8652b378677e4440c433f2a74957ed24efdb324,JG339076,,07/12/2023 01:30:00 AM,30,NO CONTROLS,NO CONTROLS,RAIN,DARKNESS,REAR END,ONE-WAY,,STRAIGHT AND LEVEL,WET,NO DEFECTS,NOT ON SCENE (DESK REPORT),NO INJURY / DRIVE AWAY,,,Y,"OVER $1,500",07/13/2023 10:54:00 AM,UNABLE TO DETERMINE,UNABLE TO DETERMINE,3032,W,56TH ST,824,,,,,,,2,NO INDICATION OF INJURY,0,0,0,0,0,2,0,1,4,7,41.791871218,-87.699908635,POINT (-87.699908634804 41.79187121759)
14ea736b720b0901daea5d981f5a1ecb669b8dab9b6cad5e665497eaa1e229d010454aabb5e87e34061874c3c3e5ca994c165276b4f980d19a3282a9ec08aaa8,JG338377,,07/12/2023 01:15:00 AM,30,UNKNOWN,UNKNOWN,UNKNOWN,UNKNOWN,PARKED MOTOR VEHICLE,UNKNOWN,,STRAIGHT AND LEVEL,UNKNOWN,UNKNOWN,NOT ON SCENE (DESK REPORT),NO INJURY / DRIVE AWAY,,,Y,"OVER $1,500",07/12/2023 06:35:00 PM,UNABLE TO DETERMINE,NOT APPLICABLE,3630,N,HARLEM AVE,1631,,,,,,,2,NO INDICATION OF INJURY,0,0,0,0,0,1,0,1,4,7,41.946192224,-87.807184681,POINT (-87.807184680511 41.94619222357)
160b70a34a03140df3c94a9ad0e232a4695a507255a7386c2e1a9dd4b800b2d97ccbb6dd08e5a10e547c48425ee859f4be927b1bc495032df6fb24bd70bc636b,JG338093,,07/12/2023 03:15:00 PM,25,STOP SIGN/FLASHER,FUNCTIONING PROPERLY,CLOUDY/OVERCAST,DAYLIGHT,ANGLE,FOUR WAY,,STRAIGHT AND LEVEL,WET,NO DEFECTS,ON SCENE,INJURY AND / OR TOW DUE TO CRASH,Y,,,"OVER $1,500",07/12/2023 03:25:00 PM,FAILING TO YIELD RIGHT-OF-WAY,DISREGARDING STOP SIGN,1999,W,ERIE ST,1221,,,,,,,2,"REPORTED, NOT EVIDENT",1,0,0,0,1,1,0,15,4,7,41.893065442,-87.67684873,POINT (-87.676848729744 41.893065441765)
17932b45b63ac05a031b01c3dc6ca4ebe50ffdfb0e1870700ff0a0ae4cd046c9fe17b87b860bdd0cef3a81da6ea021f24762638e657b74ec489b6ef5c1851dfb,JG338250,,07/12/2023 03:00:00 PM,25,TRAFFIC SIGNAL,NO CONTROLS,CLEAR,DAYLIGHT,REAR END,NOT DIVIDED,,STRAIGHT AND LEVEL,WET,NO DEFECTS,NOT ON SCENE (DESK REPORT),NO INJURY / DRIVE AWAY,,,,"OVER $1,500",07/12/2023 05:13:00 PM,FAILING TO YIELD RIGHT-OF-WAY,UNABLE TO DETERMINE,4225,W,CERMAK RD,1013,,,,,,,2,NO INDICATION OF INJURY,0,0,0,0,0,2,0,15,4,7,41.851352555,-87.730666533,POINT (-87.730666532979 41.851352555178)
19504bd4ea67c3fba0809dd3150526304c52067011caccdd42eb9949d82bd9921d886a0273c82ce43e964eb7236ff6ab3dcb6a9cf3bd7e1f8afd149f18f410ac,JD454691,,12/09/2020 10:00:00 PM,30,NO CONTROLS,NO CONTROLS,CLEAR,"DARKNESS, LIGHTED ROAD",FIXED OBJECT,ALLEY,,STRAIGHT AND LEVEL,DRY,NO DEFECTS,NOT ON SCENE (DESK REPORT),NO INJURY / DRIVE AWAY,,,,$500 OR LESS,12/09/2020 10:20:00 PM,NOT APPLICABLE,NOT APPLICABLE,745,N,THROOP ST,1215,,,,,,,1,NO INDICATION OF INJURY,0,0,0,0,0,2,0,22,4,12,41.895712915,-87.661244306,POINT (-87.6612443055 41.89571291524)
1ae5371ed97944f57ac1457349533b508b7cc515c4461c70bdd6866219e31ea15138d4f8785f6cb98834c8f0c6b6fce7db5ad73d9e5d081da719f69d6e82f8c6,JG339640,,07/12/2023 09:35:00 PM,20,TRAFFIC SIGNAL,UNKNOWN,UNKNOWN,UNKNOWN,ANGLE,FOUR WAY,,STRAIGHT AND LEVEL,UNKNOWN,UNKNOWN,NOT ON SCENE (DESK REPORT),NO INJURY / DRIVE AWAY,,,Y,"OVER $1,500",07/12/2023 11:20:00 PM,UNABLE TO DETERMINE,UNABLE TO DETERMINE,5142,S,COTTAGE GROVE AVE,233,,,,,,,2,NO INDICATION OF INJURY,0,0,0,0,0,2,0,21,4,7,41.800937661,-87.606511316,POINT (-87.606511315561 41.800937661317)
1c7feb60c1eb5712d27ec0b0c57461597b404b37b35353158d271650b2a31cb4ac3543915cb41927fe8eeb3fcff769705e634b962795ca36352b6f6f23dd594a,JG337937,,07/12/2023 10:00:00 AM,30,STOP SIGN/FLASHER,FUNCTIONING PROPERLY,CLOUDY/OVERCAST,DAYLIGHT,TURNING,FOUR WAY,,STRAIGHT AND LEVEL,DRY,NO DEFECTS,ON SCENE,NO INJURY / DRIVE AWAY,Y,,Y,"$501 - $1,500",07/12/2023 10:40:00 AM,DISREGARDING STOP SIGN,IMPROPER TURNING/NO SIGNAL,2934,E,87TH ST,423,,,,,,,2,NO INDICATION OF INJURY,0,0,0,0,0,2,0,10,4,7,41.737474712,-87.552511245,POINT (-87.5525112447 41.737474712238)
1e246c82e30877544733bb7acc80f695d19ca2b289f91b9e9fe11068f09c81efdfa2a4c20886f0e54daa5e94865cd94e33dad5380b58bbdc6ba403bb25440307,JG338196,,07/12/2023 04:00:00 PM,30,NO CONTROLS,NO CONTROLS,RAIN,DAYLIGHT,SIDESWIPE SAME DIRECTION,DIVIDED - W/MEDIAN BARRIER,,STRAIGHT AND LEVEL,WET,UNKNOWN,ON SCENE,NO INJURY / DRIVE AWAY,,,Y,"OVER $1,500",07/12/2023 04:02:00 PM,FOLLOWING TOO CLOSELY,NOT APPLICABLE,2547,W,OGDEN AVE,1023,,,,,,,2,NO INDICATION OF INJURY,0,0,0,0,0,2,0,16,4,7,41.86333931,-87.689679909,POINT (-87.689679908539 41.863339310326)
1e4ee56a9b73c292df1d7401a2cc8ee428b2f6bf02a174521c554f0f966897ecd75fec252cdd23903c6e46e8a26edda9aaf6f48c88160c13d7c0c55545588432,JG337845,Y,07/12/2023 10:00:00 AM,25,NO CONTROLS,NO CONTROLS,CLOUDY/OVERCAST,DAYLIGHT,PARKED MOTOR VEHICLE,ONE-WAY,,STRAIGHT AND LEVEL,DRY,NO DEFECTS,ON SCENE,NO INJURY / DRIVE AWAY,,,Y,"OVER $1,500",07/12/2023 10:30:00 AM,UNABLE TO DETERMINE,UNABLE TO DETERMINE,1708,W,81ST ST,611,,,,,,,2,NO INDICATION OF INJURY,0,0,0,0,0,1,0,10,4,7,41.746787055,-87.666171826,POINT (-87.666171826469 41.74678705453)
1d5c2d542cd64495a534bb9ecaec4c9a81085c6c63261d74ae8574e2752843e55399996750673ea4cecbe43d554613d67b5acaa124cf471ee2bfe74111c723cc,JG339183,,07/13/2023 11:38:00 AM,30,TRAFFIC SIGNAL,FUNCTIONING PROPERLY,CLEAR,DAYLIGHT,SIDESWIPE SAME DIRECTION,DIVIDED - W/MEDIAN (NOT RAISED),,STRAIGHT AND LEVEL,DRY,UNKNOWN,,NO INJURY / DRIVE AWAY,,,,"$501 - $1,500",07/13/2023 11:40:00 AM,FOLLOWING TOO CLOSELY,NOT APPLICABLE,700,S,DAMEN AVE,1225,,,,,,,3,NO INDICATION OF INJURY,0,0,0,0,0,3,0,11,5,7,0,0,POINT (0 0)
1f1c84c506a0749926c1c8bee47140bc5c8329ea0654496ef3ab79f64a740e6eeea18f544b280d1c0bdbfeb735dc4882029985cf9c8a871422886a390ddd56d9,JG337717,,07/12/2023 06:55:00 AM,30,NO CONTROLS,NO CONTROLS,RAIN,DAYLIGHT,PEDALCYCLIST,NOT DIVIDED,,STRAIGHT AND LEVEL,WET,NO DEFECTS,ON SCENE,INJURY AND / OR TOW DUE TO CRASH,,,,"$501 - $1,500",07/12/2023 09:27:00 AM,UNABLE TO DETERMINE,UNABLE TO DETERMINE,2745,N,CANNON DR,1935,,,,,,,2,NONINCAPACITATING INJURY,1,0,0,1,0,1,0,6,4,7,41.932261013,-87.638387957,POINT (-87.638387957053 41.932261013058)
1f1fa23ae4d1dcc10fac64209b49716deea70226996c9c51e20f6370bdb3c914d8cbaf68d67313a7baad7333d3091d767e8a57fbb2db207de417f4de1b62638b,JB218506,,04/10/2018 12:40:00 PM,30,NO CONTROLS,NO CONTROLS,CLEAR,DAYLIGHT,TURNING,NOT DIVIDED,2,STRAIGHT AND LEVEL,DRY,NO DEFECTS,NOT ON SCENE (DESK REPORT),NO INJURY / DRIVE AWAY,,N,Y,"$501 - $1,500",04/10/2018 03:45:00 PM,FAILING TO YIELD RIGHT-OF-WAY,NOT APPLICABLE,1612,N,THROOP ST,1433,,,,,,,2,NO INDICATION OF INJURY,0,0,0,0,0,2,0,12,3,4,41.911152139,-87.661327786,POINT (-87.661327785943 41.911152139122)
20e5a5a3c77083806b7d95138ece6f260a0b6e35f34182486f48a1535ae9743b625df7a2f8a10d200a49b2015011d0be197cb469d127d8fdeaf3e3b304855b10,JG337605,,07/12/2023 07:31:00 AM,30,NO CONTROLS,NO CONTROLS,RAIN,DAYLIGHT,FIXED OBJECT,DIVIDED - W/MEDIAN (NOT RAISED),,STRAIGHT AND LEVEL,WET,NO DEFECTS,ON SCENE,INJURY AND / OR TOW DUE TO CRASH,,Y,,"OVER $1,500",07/12/2023 07:31:00 AM,FAILING TO REDUCE SPEED TO AVOID CRASH,UNABLE TO DETERMINE,6605,S,MORGAN ST,723,,,,,,,1,INCAPACITATING INJURY,1,0,1,0,0,0,0,7,4,7,41.774020233,-87.649349946,POINT (-87.649349945809 41.77402023309)
22102cd870046c3bada831d4d2ba2c1475c3329302241212b3f02100d9e4b9055639fad9985ef05aaaed30b23805361b08f9d9f2175940afb07b0940ed110491,JG337526,,07/12/2023 05:15:00 AM,25,NO CONTROLS,NO CONTROLS,RAIN,DAYLIGHT,SIDESWIPE SAME DIRECTION,DIVIDED - W/MEDIAN BARRIER,,STRAIGHT AND LEVEL,WET,NO DEFECTS,NOT ON SCENE (DESK REPORT),NO INJURY / DRIVE AWAY,,,Y,"$501 - $1,500",07/12/2023 05:29:00 AM,IMPROPER OVERTAKING/PASSING,IMPROPER OVERTAKING/PASSING,943,W,95TH ST,2223,,Y,,,,,2,NO INDICATION OF INJURY,0,0,0,0,0,2,0,5,4,7,41.72129875,-87.647299643,POINT (-87.647299642504 41.721298750279)
227bc47a643821492192c0c6767011c29371966b549d9bcad548076f8922ccc0b6d7df585db4adaa047967c84d91438e5d898815b29b5468a84dc86b0560c868,JE285397,,06/30/2021 09:04:00 PM,30,NO CONTROLS,NO CONTROLS,CLEAR,"DARKNESS, LIGHTED ROAD",SIDESWIPE OPPOSITE DIRECTION,NOT DIVIDED,,STRAIGHT AND LEVEL,UNKNOWN,NO DEFECTS,NOT ON SCENE (DESK REPORT),NO INJURY / DRIVE AWAY,,,Y,"OVER $1,500",06/30/2021 10:30:00 PM,DRIVING SKILLS/KNOWLEDGE/EXPERIENCE,UNABLE TO DETERMINE,1611,N,THROOP ST,1433,,,,,,,2,NO INDICATION OF INJURY,0,0,0,0,0,2,0,21,4,6,41.911099496,-87.66103167,POINT (-87.661031669908 41.911099495584)
2313f3fdbc8d908dfdb06767603f5d32e3619a2eea49b3d1d0575ce58233ffe0c8748db2f11ed0a0bca9b056d949f79db325d0f47b7cb6eecf2ab78e8a727783,JG230879,,04/20/2023 01:00:00 PM,30,TRAFFIC SIGNAL,FUNCTIONING PROPERLY,CLEAR,DAYLIGHT,ANGLE,NOT DIVIDED,,STRAIGHT AND LEVEL,DRY,NO DEFECTS,NOT ON SCENE (DESK REPORT),NO INJURY / DRIVE AWAY,,,,"OVER $1,500",04/20/2023 01:45:00 PM,IMPROPER BACKING,NOT APPLICABLE,1601,N,THROOP ST,1433,,,,,,,2,NO INDICATION OF INJURY,0,0,0,0,0,2,0,13,5,4,41.910803852,-87.661019837,POINT (-87.661019837449 41.910803852478)
21810dc75cb79e2db63f5671e1465498a5dc0512cd2529c53661431f9501f7a6a673ca1aae1f63c6dd7b7cfbecd3c59dbbc014072a2f71de9278dbc33763fd51,JD188402,,03/17/2020 11:15:00 AM,20,NO CONTROLS,NO CONTROLS,CLEAR,DAYLIGHT,REAR TO FRONT,ONE-WAY,,STRAIGHT AND LEVEL,DRY,NO DEFECTS,,NO INJURY / DRIVE AWAY,,,,"$501 - $1,500",03/17/2020 11:45:00 AM,NOT APPLICABLE,NOT APPLICABLE,2222,E,70TH PL,331,,,,,,,2,NO INDICATION OF INJURY,0,0,0,0,0,2,0,11,3,3,41.76723149,-87.570501852,POINT (-87.570501852419 41.767231489578)
24f36e6f3e1dd33469f671c1f9e0f3ebcf5da5a74beaae6b1667055d1b895fbdf5433b3620c3363385b9dde88ca0bfcbe0ed93978b17b587f4a614339d29395c,JG337587,,07/12/2023 07:04:00 AM,25,NO CONTROLS,NO CONTROLS,RAIN,DAWN,TURNING,Y-INTERSECTION,,CURVE ON GRADE,WET,NO DEFECTS,ON SCENE,NO INJURY / DRIVE AWAY,Y,,,"OVER $1,500",07/12/2023 07:05:00 AM,WEATHER,UNABLE TO DETERMINE,643,W,83RD ST,622,,,,,,,2,NO INDICATION OF INJURY,0,0,0,0,0,2,0,7,4,7,41.743310103,-87.640675397,POINT (-87.640675397383 41.743310102731)
252f49cb0f81fb53b490fbb529f4b90031893987d92c94e9e795dcd590f3ec9cf7d322254f290d2afffb221e80b77699534c64c171620a66f27937a2145c47a5,HZ171017,,03/01/2016 06:15:00 PM,30,STOP SIGN/FLASHER,FUNCTIONING PROPERLY,SNOW,"DARKNESS, LIGHTED ROAD",REAR END,NOT DIVIDED,4,STRAIGHT AND LEVEL,ICE,NO DEFECTS,NOT ON SCENE (DESK REPORT),NO INJURY / DRIVE AWAY,Y,,,$500 OR LESS,03/01/2016 06:40:00 PM,FOLLOWING TOO CLOSELY,NOT APPLICABLE,798,N,THROOP ST,1215,,,,,,,2,NO INDICATION OF INJURY,0,0,0,0,0,2,0,18,3,3,41.896091585,-87.661546711,POINT (-87.661546711284 41.896091584677)
25acb9f5b76ca854b1b28411c6044111de08b2a95677139e00399270ba06b0bb1b36d3fe01a26caf2248dd2ae2fb8197045cb5a045f94f0b692843d2beecaf6d,JG338185,,07/12/2023 03:55:00 PM,30,NO CONTROLS,NO CONTROLS,RAIN,DAYLIGHT,SIDESWIPE OPPOSITE DIRECTION,NOT DIVIDED,,STRAIGHT AND LEVEL,WET,NO DEFECTS,ON SCENE,NO INJURY / DRIVE AWAY,,,,"OVER $1,500",07/12/2023 04:05:00 PM,UNABLE TO DETERMINE,UNABLE TO DETERMINE,2022,W,CHICAGO AVE,1212,,,,,,,2,NO INDICATION OF INJURY,0,0,0,0,0,2,0,15,4,7,41.896003346,-87.678013865,POINT (-87.678013864943 41.89600334638)
2703ab246f7625353983f68c09c511f7e4c58e892ada0205936b574cf852a93d1b93ec99d57801df4586018ca1cfb8f62f1e61ae220fc0140788c91740027e1a,JG337649,,07/12/2023 07:38:00 AM,35,TRAFFIC SIGNAL,FUNCTIONING PROPERLY,RAIN,DAYLIGHT,REAR END,DIVIDED - W/MEDIAN (NOT RAISED),,STRAIGHT AND LEVEL,WET,UNKNOWN,ON SCENE,INJURY AND / OR TOW DUE TO CRASH,,,,"OVER $1,500",07/12/2023 08:05:00 AM,DRIVING SKILLS/KNOWLEDGE/EXPERIENCE,DISTRACTION - FROM INSIDE VEHICLE,6000,S,CENTRAL AVE,812,,,,,,,2,"REPORTED, NOT EVIDENT",1,0,0,0,1,1,0,7,4,7,41.783461067,-87.762090629,POINT (-87.762090629219 41.783461066573)
273d44ca215234173acb4f77f2c0e309cb537dececf39b3c0b5e0f585e22dea59bb8e7128458090539dc6448757470d8e0b568b950f790cdf8faa27c85a09bd4,JG338653,,07/12/2023 10:38:00 PM,30,TRAFFIC SIGNAL,FUNCTIONING PROPERLY,CLEAR,"DARKNESS, LIGHTED ROAD",REAR END,DIVIDED - W/MEDIAN (NOT RAISED),,STRAIGHT AND LEVEL,DRY,NO DEFECTS,ON SCENE,NO INJURY / DRIVE AWAY,,,Y,$500 OR LESS,07/12/2023 11:49:00 PM,FAILING TO REDUCE SPEED TO AVOID CRASH,UNABLE TO DETERMINE,3251,N,WESTERN AVE,1921,,,,,,,2,NO INDICATION OF INJURY,0,0,0,0,0,2,0,22,4,7,41.940980812,-87.68781207,POINT (-87.68781206981 41.940980812292)
292660e9fb9f638bc5af112564fe9ab591116996f36c8f0074037b320db08dbd87fed4f8a0432111183c7850fd2d3d8e6726452919d1ee0dd3f15672cd12f558,JG338319,,07/12/2023 02:00:00 PM,30,STOP SIGN/FLASHER,FUNCTIONING PROPERLY,UNKNOWN,DAYLIGHT,TURNING,NOT DIVIDED,,STRAIGHT AND LEVEL,UNKNOWN,UNKNOWN,NOT ON SCENE (DESK REPORT),INJURY AND / OR TOW DUE TO CRASH,,,,"$501 - $1,500",07/12/2023 05:45:00 PM,UNABLE TO DETERMINE,NOT APPLICABLE,3323,W,47TH ST,821,,,,,,,2,"REPORTED, NOT EVIDENT",1,0,0,0,1,1,0,14,4,7,41.807966722,-87.707435837,POINT (-87.707435837461 41.807966722383)
2974038762355e49b257eb63f8ed5ff073488ed0e9472e7b160929f983ddead5628f1d3204a5e0a992924e1fb549f64ca148a0020849dac7268afa89b0309c32,JG337891,,07/12/2023 11:50:00 AM,30,TRAFFIC SIGNAL,FUNCTIONING PROPERLY,RAIN,DAYLIGHT,ANGLE,FOUR WAY,,STRAIGHT AND LEVEL,WET,NO DEFECTS,ON SCENE,INJURY AND / OR TOW DUE TO CRASH,Y,,,"OVER $1,500",07/12/2023 11:53:00 AM,UNABLE TO DETERMINE,NOT APPLICABLE,1000,W,WASHINGTON BLVD,1224,,,,,,,2,NO INDICATION OF INJURY,0,0,0,0,0,3,0,11,4,7,41.883171835,-87.6521331,POINT (-87.652133100382 41.883171834849)
2a25921be1ce23f68dc3db38885a6749f6274e5d9307dd6f8f89d175bf5d8a1583994e1f93bb4ac619f3efd87463a461420a5114cbaa43a5229d610ea92f31f8,JG338236,,07/12/2023 03:55:00 PM,45,NO CONTROLS,NO CONTROLS,RAIN,DAYLIGHT,REAR END,DIVIDED - W/MEDIAN BARRIER,,"CURVE, LEVEL",WET,NO DEFECTS,ON SCENE,NO INJURY / DRIVE AWAY,,,Y,"OVER $1,500",07/12/2023 04:04:00 PM,UNABLE TO DETERMINE,UNABLE TO DETERMINE,1200,N,LAKE SHORE DR NB,1824,,,,,,,2,NO INDICATION OF INJURY,0,0,0,0,0,2,0,15,4,7,41.904076743,-87.624803937,POINT (-87.624803937073 41.904076743028)
2af223219c44ddfcb3b1c0d817f95fcbb3470f12d3dd6ceaafa5155d1dc1a265ea24fee3e52a796d4230c9bd8961c422d1c233218b0a2fb1fa6e94dd225271cc,JG338020,Y,07/12/2023 01:55:00 PM,30,NO CONTROLS,NO CONTROLS,RAIN,DAYLIGHT,REAR END,CENTER TURN LANE,,STRAIGHT AND LEVEL,WET,UNKNOWN,NOT ON SCENE (DESK REPORT),NO INJURY / DRIVE AWAY,,,,"OVER $1,500",07/12/2023 02:00:00 PM,FOLLOWING TOO CLOSELY,NOT APPLICABLE,3400,N,WESTERN AVE,1921,,,,,,,2,NO INDICATION OF INJURY,0,0,0,0,0,2,0,13,4,7,41.943187373,-87.688302021,POINT (-87.688302020702 41.943187373182)
2b3195dcaadef527928be140bea63d813a6e659bd3c61226fcfd75d6846ecd1ce2f0a753d9ee078584b9f922d58944c4b21b89cf845668d52f38b60fef70c5f0,JG338080,,07/12/2023 01:59:00 PM,30,OTHER REG. SIGN,NO CONTROLS,RAIN,DAYLIGHT,TURNING,FOUR WAY,,STRAIGHT AND LEVEL,WET,NO DEFECTS,ON SCENE,INJURY AND / OR TOW DUE TO CRASH,,,N,"OVER $1,500",07/12/2023 02:57:00 PM,UNABLE TO DETERMINE,UNABLE TO DETERMINE,6299,S,STATE ST,311,,,,,,,3,NONINCAPACITATING INJURY,3,0,0,2,1,3,0,13,4,7,41.780147896,-87.625226398,POINT (-87.62522639765 41.780147896476)
2bda3ea51e7595179de02e330a2995017e9cc7b3f73b0e5f0eb834182fa38e76b3a8112eb0305577e94299a104afd1dda02e4229661f81e255ea2a0bcc2a2e69,JG337931,,07/12/2023 08:30:00 AM,30,UNKNOWN,UNKNOWN,UNKNOWN,UNKNOWN,REAR END,UNKNOWN,,STRAIGHT AND LEVEL,UNKNOWN,UNKNOWN,NOT ON SCENE (DESK REPORT),NO INJURY / DRIVE AWAY,,,,"OVER $1,500",07/12/2023 12:30:00 PM,DRIVING SKILLS/KNOWLEDGE/EXPERIENCE,DRIVING SKILLS/KNOWLEDGE/EXPERIENCE,3599,N,OTTAWA AVE,1631,,,,,,,2,NO INDICATION OF INJURY,0,0,0,0,0,2,0,8,4,7,41.94515935,-87.81785749,POINT (-87.817857489732 41.945159349948)
2c7fa88ef1924bd5b94257c988197108d230eae6dfed5bd66f50660cd62f114faa1062a4740f7207783fc1edfe3d654bf5f7df6f63c300aeaf691527249f6252,JG338140,,07/12/2023 01:45:00 PM,25,STOP SIGN/FLASHER,FUNCTIONING PROPERLY,CLEAR,DAYLIGHT,REAR END,NOT DIVIDED,,STRAIGHT AND LEVEL,DRY,NO DEFECTS,NOT ON SCENE (DESK REPORT),NO INJURY / DRIVE AWAY,,,,"OVER $1,500",07/12/2023 04:00:00 PM,FOLLOWING TOO CLOSELY,FOLLOWING TOO CLOSELY,7600,S,COTTAGE GROVE AVE,624,,,,,,,2,NO INDICATION OF INJURY,0,0,0,0,0,2,0,13,4,7,41.756663578,-87.605487366,POINT (-87.605487366182 41.756663577514)
2ca1233bed6e8a607d09a920177104c829987564caafcdb2f63098a3110e8d60c4a059366b4669c6153a88db72e9f1cc7799d3d1c1cb06ae24cf4727db315fbf,JG338425,,07/12/2023 06:50:00 PM,30,NO CONTROLS,NO CONTROLS,RAIN,DAYLIGHT,REAR END,NOT DIVIDED,,STRAIGHT AND LEVEL,WET,NO DEFECTS,NOT ON SCENE (DESK REPORT),NO INJURY / DRIVE AWAY,,,,"OVER $1,500",07/12/2023 07:10:00 PM,FOLLOWING TOO CLOSELY,NOT APPLICABLE,2272,N,LINCOLN AVE,1812,,,,,,,2,NO INDICATION OF INJURY,0,0,0,0,0,2,0,18,4,7,41.923415607,-87.646135765,POINT (-87.646135765394 41.923415606911)
2cf6bcf586cf487c58be6eab2b09335cf45a2468a93bbfe0cbc88cde25d1b9d44453ed7bfd2c34f2c0c66abca5246f6a2d49bd69cf532df0f6811b7a1b57e4b4,JE207850,,04/22/2021 04:30:00 PM,30,OTHER REG. SIGN,OTHER,CLEAR,DAYLIGHT,SIDESWIPE SAME DIRECTION,DIVIDED - W/MEDIAN (NOT RAISED),,STRAIGHT AND LEVEL,DRY,NO DEFECTS,NOT ON SCENE (DESK REPORT),NO INJURY / DRIVE AWAY,,,,"$501 - $1,500",04/23/2021 02:45:00 PM,FAILING TO YIELD RIGHT-OF-WAY,IMPROPER OVERTAKING/PASSING,1610,N,THROOP ST,1433,,,,,,,2,NO INDICATION OF INJURY,0,0,0,0,0,2,0,16,5,4,41.911092998,-87.661325441,POINT (-87.661325441429 41.911092998134)
2d500726116be4d3772b382abdbbbe848ce7af615c3b5fe01110f5d198c62799dc9478c1a32651c51862432c529b8399418896090f3e5f87f4cdd126f3d0fc86,JG338099,,07/12/2023 02:43:00 PM,30,NO CONTROLS,NO CONTROLS,UNKNOWN,DAYLIGHT,REAR END,DIVIDED - W/MEDIAN (NOT RAISED),,STRAIGHT AND LEVEL,WET,NO DEFECTS,,NO INJURY / DRIVE AWAY,Y,,Y,"OVER $1,500",07/12/2023 03:09:00 PM,FAILING TO REDUCE SPEED TO AVOID CRASH,NOT APPLICABLE,1958,W,GRAND AVE,1221,,,,,,,2,NO INDICATION OF INJURY,0,0,0,0,0,2,0,14,4,7,41.890936161,-87.676790664,POINT (-87.676790663646 41.890936161341)
2d885199285a65470a053005cfa1863f35c6678e81fd21b5189ef0500dc435383134d99a6bca573cc684fbedd98ca1aa065094ef067d12190ac823d2989860e8,JF133161,,02/03/2022 11:15:00 PM,30,TRAFFIC SIGNAL,FUNCTIONING PROPERLY,SNOW,"DARKNESS, LIGHTED ROAD",FIXED OBJECT,NOT DIVIDED,,STRAIGHT AND LEVEL,WET,NO DEFECTS,ON SCENE,NO INJURY / DRIVE AWAY,,,,$500 OR LESS,02/03/2022 11:30:00 PM,UNABLE TO DETERMINE,UNABLE TO DETERMINE,1602,N,THROOP ST,1433,,,,,,,1,NO INDICATION OF INJURY,0,0,0,0,0,1,0,23,5,2,41.910856376,-87.66131599,POINT (-87.66131599018 41.91085637642)
2da3931c8240b94d078b78fe6ceabb30b77ca9ce202ff0d93085c5f8462734640b93c2aa42006b8b7ce261dc43414e8d37ab98e1fb63950b8e14deb44dcbf7ea,JG351458,,07/12/2023 01:00:00 PM,30,TRAFFIC SIGNAL,FUNCTIONING PROPERLY,RAIN,DAYLIGHT,PEDESTRIAN,NOT DIVIDED,,STRAIGHT AND LEVEL,WET,NO DEFECTS,NOT ON SCENE (DESK REPORT),NO INJURY / DRIVE AWAY,,,Y,$500 OR LESS,07/22/2023 11:50:00 AM,FAILING TO YIELD RIGHT-OF-WAY,NOT APPLICABLE,400,N,LA SALLE DR,1831,,,,,,,2,NO INDICATION OF INJURY,0,0,0,0,0,2,0,13,4,7,41.889225372,-87.632674115,POINT (-87.632674114985 41.88922537162)
2f0a7113dc3a504aa5e3c3e7dd95ad18b2c169f7a6570e43f9627904562061a3663778a76933eac5f8808163b729c420817e8aa14800c3bd886e0ebef82bf57f,JC249786,,05/04/2019 05:16:00 PM,30,TRAFFIC SIGNAL,FUNCTIONING PROPERLY,CLEAR,DAYLIGHT,TURNING,NOT DIVIDED,,STRAIGHT AND LEVEL,DRY,NO DEFECTS,ON SCENE,NO INJURY / DRIVE AWAY,Y,,,"OVER $1,500",05/04/2019 05:16:00 PM,TURNING RIGHT ON RED,DISREGARDING TRAFFIC SIGNALS,1600,N,THROOP ST,1433,,,,,,,2,NO INDICATION OF INJURY,0,0,0,0,0,2,0,17,7,5,41.910797236,-87.661313603,POINT (-87.661313602868 41.910797236385)
2fc6fdfab549d1a6a1f877c5dfa40b911a296d33abec6b8b1e9a53537106995e5153adbc7134518e1addb9d1349a0f2bf957d98c448d3c6f717b9fa16f3b8e10,JG339377,,07/12/2023 12:40:00 PM,30,UNKNOWN,UNKNOWN,UNKNOWN,UNKNOWN,PEDESTRIAN,UNKNOWN,,STRAIGHT AND LEVEL,WET,UNKNOWN,NOT ON SCENE (DESK REPORT),INJURY AND / OR TOW DUE TO CRASH,,,,$500 OR LESS,07/13/2023 02:20:00 PM,UNABLE TO DETERMINE,NOT APPLICABLE,6401,W,ADDISON ST,1632,,,,,,,2,NONINCAPACITATING INJURY,1,0,0,1,0,1,0,12,4,7,41.945552923,-87.786368212,POINT (-87.786368212009 41.945552922959)
301df85aceb715babf050834a55c28961ffde061e4462dca38af6e4a599ab6b5ffc44d3fe08e49a74f0a11c82554e5f9d7698001370a97845d7600001192463a,JG337725,Y,07/12/2023 09:30:00 AM,30,NO CONTROLS,NO CONTROLS,RAIN,DAYLIGHT,ANGLE,ALLEY,,STRAIGHT AND LEVEL,WET,NO DEFECTS,ON SCENE,INJURY AND / OR TOW DUE TO CRASH,Y,,Y,"OVER $1,500",07/12/2023 10:05:00 AM,UNABLE TO DETERMINE,NOT APPLICABLE,4950,S,LOOMIS BLVD,933,,,,,,,2,NO INDICATION OF INJURY,0,0,0,0,0,3,0,9,4,7,41.803495138,-87.660117428,POINT (-87.660117427881 41.803495137714)
305fca2eb00058398460df1510ed8947285d5c9d7735d7d7f35cf4b913ab06e177980832afe520cbcfb55bb790411fd6891d6f004acd0a57f69500785804ee27,JG338386,,07/12/2023 08:30:00 AM,30,NO CONTROLS,NO CONTROLS,CLEAR,DAYLIGHT,REAR END,NOT DIVIDED,,STRAIGHT AND LEVEL,WET,NO DEFECTS,NOT ON SCENE (DESK REPORT),INJURY AND / OR TOW DUE TO CRASH,,,,"$501 - $1,500",07/12/2023 06:35:00 PM,FOLLOWING TOO CLOSELY,FOLLOWING TOO CLOSELY,3600,S,WESTERN AVE,911,,,,,,,2,"REPORTED, NOT EVIDENT",1,0,0,0,1,1,0,8,4,7,41.828381588,-87.685122043,POINT (-87.685122042848 41.828381587588)
30d8349c33fdf0b6d89e4e7a87839c1d91e8c91cdde1b1efbb3647ea014d7f0939df13d38c9f472a12355b298f7bd3794fcf26b83aeccfc0480026de557dbae9,JG337622,,07/12/2023 07:25:00 AM,30,NO CONTROLS,NO CONTROLS,CLOUDY/OVERCAST,DAYLIGHT,REAR END,DIVIDED - W/MEDIAN BARRIER,,STRAIGHT ON GRADE,WET,NO DEFECTS,ON SCENE,NO INJURY / DRIVE AWAY,,,Y,"OVER $1,500",07/12/2023 07:33:00 AM,"OPERATING VEHICLE IN ERRATIC, RECKLESS, CARELESS, NEGLIGENT OR AGGRESSIVE MANNER",NOT APPLICABLE,6060,N,JERSEY AVE,1711,,,,,,,3,NO INDICATION OF INJURY,0,0,0,0,0,4,0,7,4,7,41.991972168,-87.711507993,POINT (-87.711507992736 41.991972168318)
31531ae8c86b6ee6a1385374b55ce4d3cfba41dfd2c2520eb7e170c61007a81e7f4d3ddc58fac8c8d4a03e09aed7039629948e21f83cef3437e081d95dbab3b1,JG338324,,07/12/2023 04:22:00 PM,30,TRAFFIC SIGNAL,FUNCTIONING PROPERLY,RAIN,DAYLIGHT,REAR END,DIVIDED - W/MEDIAN BARRIER,,STRAIGHT AND LEVEL,WET,NO DEFECTS,NOT ON SCENE (DESK REPORT),NO INJURY / DRIVE AWAY,Y,,,"OVER $1,500",07/12/2023 04:45:00 PM,UNABLE TO DETERMINE,NOT APPLICABLE,396,E,ROOSEVELT DR,114,,,,,,,2,NO INDICATION OF INJURY,0,0,0,0,0,3,0,16,4,7,41.867590012,-87.618808242,POINT (-87.618808242223 41.86759001246)
3344b97e55ce0aab2df2d5212872f3a9cc3ca7207ac5b6c1c17acd6f6f466a7217867f379cff649ad3f747eaee8553bb38495c3a5b1f48b67118943c97a75925,JG299446,,06/13/2023 12:35:00 PM,30,NO CONTROLS,NO CONTROLS,RAIN,DAYLIGHT,REAR END,FOUR WAY,,STRAIGHT AND LEVEL,WET,NO DEFECTS,,NO INJURY / DRIVE AWAY,,,,"OVER $1,500",06/13/2023 12:35:00 PM,UNABLE TO DETERMINE,UNABLE TO DETERMINE,1549,N,CICERO AVE,2533,Y,Y,,,,,3,NO INDICATION OF INJURY,0,0,0,0,0,6,0,12,3,6,41.909252413,-87.745968239,POINT (-87.745968238585 41.909252412982)
34459daec46948f3ec8a1a48192e1ea5ca4a42df8b247e14e7973385326181a692de305ea9141fa9969e30cb8215438ce1cb094785f34f3cbd5772ae3bea32f4,JG337843,,07/12/2023 10:40:00 AM,30,NO CONTROLS,NO CONTROLS,RAIN,DAYLIGHT,PARKED MOTOR VEHICLE,PARKING LOT,,STRAIGHT AND LEVEL,WET,UNKNOWN,ON SCENE,NO INJURY / DRIVE AWAY,,,,$500 OR LESS,07/12/2023 11:15:00 AM,UNABLE TO DETERMINE,UNABLE TO DETERMINE,4638,S,KEDZIE AVE,821,,,,,,,2,NO INDICATION OF INJURY,0,0,0,0,0,2,0,10,4,7,41.80876996,-87.704148097,POINT (-87.704148097485 41.808769960115)
351595041def8372ca8759e943d33498352300b48360aeb4ab3622c1ed4b54aa249abc8f2d41814eede336b587621d1051e86f382d459327ee3699286a1ccc06,JG338577,,07/12/2023 08:05:00 AM,30,NO CONTROLS,NO CONTROLS,UNKNOWN,DAYLIGHT,REAR END,DIVIDED - W/MEDIAN (NOT RAISED),,STRAIGHT AND LEVEL,UNKNOWN,UNKNOWN,NOT ON SCENE (DESK REPORT),NO INJURY / DRIVE AWAY,,,,"OVER $1,500",07/12/2023 10:10:00 PM,FAILING TO REDUCE SPEED TO AVOID CRASH,FOLLOWING TOO CLOSELY,2026,W,95TH ST,2221,,,,,,,3,NO INDICATION OF INJURY,0,0,0,0,0,3,0,8,4,7,41.721173307,-87.673465391,POINT (-87.673465390582 41.721173307361)
35e4e18a2885fa0abda266b0c4dce8b1d1f2d43cf2e401b6658b5c1f98234bf1b1598327fc75374fd2cf4b7f666cb1d643bd5204d6c857f6b1870b7eb7acef40,JG338450,,07/12/2023 07:15:00 PM,30,TRAFFIC SIGNAL,FUNCTIONING PROPERLY,RAIN,DAYLIGHT,REAR END,DIVIDED - W/MEDIAN (NOT RAISED),,STRAIGHT AND LEVEL,WET,NO DEFECTS,NOT ON SCENE (DESK REPORT),NO INJURY / DRIVE AWAY,,,,"OVER $1,500",07/12/2023 07:45:00 PM,UNABLE TO DETERMINE,UNABLE TO DETERMINE,2403,W,FOSTER AVE,2031,,,,,,,2,NO INDICATION OF INJURY,0,0,0,0,0,2,0,19,4,7,41.975780011,-87.689345078,POINT (-87.689345078455 41.975780010534)
36a39287580df46e51e0716010ed1f14fff4fdea9508070ee7d28c7c0fdbe3f30bbe0a91af802f633c83de4f982eaea32b5f82fbbfd8cbadac758e8e861c856f,JG337722,,07/12/2023 09:46:00 AM,35,TRAFFIC SIGNAL,NO CONTROLS,CLEAR,DAYLIGHT,PARKED MOTOR VEHICLE,T-INTERSECTION,,STRAIGHT AND LEVEL,WET,NO DEFECTS,ON SCENE,NO INJURY / DRIVE AWAY,,,,"OVER $1,500",07/12/2023 09:50:00 AM,NOT APPLICABLE,NOT APPLICABLE,7356,N,WESTERN AVE,2411,,,,,,,2,NO INDICATION OF INJURY,0,0,0,0,0,1,0,9,4,7,42.015676305,-87.690363346,POINT (-87.690363346165 42.015676305174)
37046dba570a9a152773d4b1683dd940e1154194cc2af720b4478556f2c29f2f77c39d2dba238f59fa2df27b98dd866d30f172f1683aab7556d080251089c5f8,JG337437,,07/12/2023 12:52:00 AM,15,NO CONTROLS,NO CONTROLS,CLEAR,"DARKNESS, LIGHTED ROAD",SIDESWIPE SAME DIRECTION,OTHER,,STRAIGHT AND LEVEL,DRY,NO DEFECTS,ON SCENE,NO INJURY / DRIVE AWAY,,,,"OVER $1,500",07/12/2023 12:55:00 AM,IMPROPER OVERTAKING/PASSING,UNABLE TO DETERMINE,1,S,MIDWAY ST,813,,,,,,,2,NO INDICATION OF INJURY,0,0,0,0,0,2,0,0,4,7,,,
3729041de1ed14c925272e8fda8161469e9a5fd6fa83d105ded85ff0422c4de9c1ecedec8173530a05c66060341443c43fc636e608be275151ed4e1bc16acf80,JG337715,,07/12/2023 09:20:00 AM,35,NO CONTROLS,NO CONTROLS,RAIN,DAYLIGHT,FIXED OBJECT,DIVIDED - W/MEDIAN BARRIER,,STRAIGHT AND LEVEL,WET,NO DEFECTS,ON SCENE,INJURY AND / OR TOW DUE TO CRASH,,,,"OVER $1,500",07/12/2023 09:21:00 AM,DRIVING SKILLS/KNOWLEDGE/EXPERIENCE,FAILING TO REDUCE SPEED TO AVOID CRASH,11716,S,WESTERN AVE,2212,,,,,,,1,NO INDICATION OF INJURY,0,0,0,0,0,1,0,9,4,7,41.680378046,-87.680944581,POINT (-87.680944581326 41.68037804649)
3738f6c2b378d13079c9cc21cbf3f63d6ffd4a5787cc7537b565a60c1d778c572b85d039c9d037b139b54c532472c036074ae7306fd5497dd507146fbaa2539b,JG337468,,07/12/2023 01:39:00 AM,30,NO CONTROLS,NO CONTROLS,CLEAR,"DARKNESS, LIGHTED ROAD",PARKED MOTOR VEHICLE,NOT DIVIDED,,STRAIGHT AND LEVEL,DRY,NO DEFECTS,,INJURY AND / OR TOW DUE TO CRASH,,,Y,"OVER $1,500",07/12/2023 01:50:00 AM,UNDER THE INFLUENCE OF ALCOHOL/DRUGS (USE WHEN ARREST IS EFFECTED),NOT APPLICABLE,3699,N,HARLEM AVE,1632,,,,,,,8,NO INDICATION OF INJURY,0,0,0,0,0,1,0,1,4,7,41.947067715,-87.806920605,POINT (-87.806920605083 41.947067714902)
37e143a3a3d02a3303386b0dd22e88a02c93adc470aac306e83d9b2d4a5d24441773dd1994ca9c35a04614761bfc1f25ae7641cd154fe3b188a075274c4f459a,JG345079,,07/12/2023 10:20:00 PM,30,NO CONTROLS,NO CONTROLS,UNKNOWN,DARKNESS,SIDESWIPE SAME DIRECTION,ONE-WAY,,STRAIGHT AND LEVEL,UNKNOWN,UNKNOWN,NOT ON SCENE (DESK REPORT),NO INJURY / DRIVE AWAY,,,,"OVER $1,500",07/17/2023 06:15:00 PM,UNABLE TO DETERMINE,UNABLE TO DETERMINE,623,N,ORLEANS ST,1831,,,,,,,2,NO INDICATION OF INJURY,0,0,0,0,0,2,0,22,4,7,41.893110283,-87.636931168,POINT (-87.636931168141 41.893110283318)
37ea221460ba9f1c425cf75f5f9466e4e920d4df2fea7310b54a857d77518d8f22e4f07adc591dc316392cb2a17e5216036b992170ea933d98d3b7cef1c38f0c,JG339502,,07/12/2023 06:28:00 PM,30,TRAFFIC SIGNAL,FUNCTIONING PROPERLY,RAIN,DAYLIGHT,REAR END,FOUR WAY,,STRAIGHT AND LEVEL,WET,NO DEFECTS,NOT ON SCENE (DESK REPORT),NO INJURY / DRIVE AWAY,Y,,,"OVER $1,500",07/13/2023 03:30:00 PM,FOLLOWING TOO CLOSELY,NOT APPLICABLE,4500,S,DR MARTIN LUTHER KING JR DR,215,,,,,,,2,NO INDICATION OF INJURY,0,0,0,0,0,2,0,18,4,7,41.812962741,-87.616835586,POINT (-87.616835585954 41.812962741184)
388914c9e95284bbcab9379be6a2deb5653942952470ea8f642d9f985b061bcefb8c7a690950a00d9d719566ae3a2938aba7c15ff6915cbe6882728ff75bffe2,JG337470,Y,07/12/2023 01:40:00 AM,30,NO CONTROLS,NO CONTROLS,CLOUDY/OVERCAST,"DARKNESS, LIGHTED ROAD",FIXED OBJECT,FOUR WAY,,STRAIGHT AND LEVEL,DRY,NO DEFECTS,ON SCENE,INJURY AND / OR TOW DUE TO CRASH,,,,"OVER $1,500",07/12/2023 01:43:00 AM,UNABLE TO DETERMINE,UNABLE TO DETERMINE,4501,W,ROOSEVELT RD,1011,,,,,,,1,INCAPACITATING INJURY,1,0,1,0,0,0,0,1,4,7,41.865885664,-87.7374859,POINT (-87.73748590019 41.865885664469)
395896d93f0dc782f51cab2da37d72c3f4574f4290783d85e5e5993f646e260252677f314da86788ccb6bcd1195e7989861b0f5514f92a919fa79dbe3b51618a,JG337705,,07/12/2023 08:00:00 AM,30,NO CONTROLS,NO CONTROLS,CLEAR,DAYLIGHT,SIDESWIPE SAME DIRECTION,NOT DIVIDED,,STRAIGHT AND LEVEL,DRY,NO DEFECTS,NOT ON SCENE (DESK REPORT),NO INJURY / DRIVE AWAY,,,,"OVER $1,500",07/12/2023 09:00:00 AM,FAILING TO YIELD RIGHT-OF-WAY,NOT APPLICABLE,4355,W,DIVISION ST,1111,,,,,,,2,NO INDICATION OF INJURY,0,0,0,0,0,3,0,8,4,7,41.90240961,-87.735865206,POINT (-87.735865205673 41.902409609865)
3a2e8359ea728b86525c82ad7c3386d00407c0ba155b16952bb37b23765ad0398085c24a19e0bf34e45e76050bc2dc002808ee683a292ddd1838ff0fa0244d92,JG338688,,07/12/2023 10:30:00 PM,30,TRAFFIC SIGNAL,UNKNOWN,UNKNOWN,"DARKNESS, LIGHTED ROAD",TURNING,FOUR WAY,,STRAIGHT AND LEVEL,UNKNOWN,UNKNOWN,NOT ON SCENE (DESK REPORT),NO INJURY / DRIVE AWAY,Y,,Y,"OVER $1,500",07/13/2023 12:30:00 AM,DISREGARDING TRAFFIC SIGNALS,NOT APPLICABLE,410,N,DEARBORN ST,1831,,,,,,,2,NO INDICATION OF INJURY,0,0,0,0,0,3,0,22,4,7,41.889634253,-87.6297443,POINT (-87.629744299862 41.889634252878)
3adc809fb15d6aa3c6e3e22321c7269ef6ef4a263a18d86ba1a53a26befc9d6e8b01a8837da38213f0fe6605755f81b13dfef22201ded7a52100d0e8d7e70d46,JG338466,,07/12/2023 04:48:00 PM,35,NO CONTROLS,NO CONTROLS,RAIN,DAYLIGHT,HEAD ON,NOT DIVIDED,,STRAIGHT AND LEVEL,WET,NO DEFECTS,NOT ON SCENE (DESK REPORT),NO INJURY / DRIVE AWAY,Y,,,"OVER $1,500",07/12/2023 07:50:00 PM,UNABLE TO DETERMINE,NOT APPLICABLE,2639,N,ELSTON AVE,1432,,,,,,,2,NO INDICATION OF INJURY,0,0,0,0,0,3,0,16,4,7,41.929697728,-87.683990261,POINT (-87.683990261402 41.929697728173)
3b1363b80a0b8d6bc3b5bdd970257c89e737f4bb78ba8a558cea999714cd80dcd7410c96fde6c5f4b26935188ade5fa9bb335e69bdf2f3645995f29e6cd9e628,JG338207,,07/12/2023 04:05:00 PM,25,NO CONTROLS,NO CONTROLS,RAIN,DAYLIGHT,REAR END,DIVIDED - W/MEDIAN BARRIER,,STRAIGHT AND LEVEL,WET,NO DEFECTS,ON SCENE,NO INJURY / DRIVE AWAY,,,,$500 OR LESS,07/12/2023 04:30:00 PM,FOLLOWING TOO CLOSELY,UNABLE TO DETERMINE,3341,N,WESTERN AVE,1921,,,,,,,2,NO INDICATION OF INJURY,0,0,0,0,0,3,0,16,4,7,41.942518871,-87.687882546,POINT (-87.687882546192 41.942518871394)
3c96fbc6ee3141d951b2c9b415c96071cb773861a3c6ef114045f7d17c5bd9e425add8f302713a940819194cc177527146665cabc77a4b7ff1ccf8570ab3fe0a,JG339451,,07/12/2023 01:00:00 PM,30,STOP SIGN/FLASHER,FUNCTIONING PROPERLY,RAIN,DAYLIGHT,REAR END,ONE-WAY,,STRAIGHT AND LEVEL,DRY,NO DEFECTS,NOT ON SCENE (DESK REPORT),NO INJURY / DRIVE AWAY,,,,"OVER $1,500",07/13/2023 03:00:00 PM,UNABLE TO DETERMINE,UNABLE TO DETERMINE,2336,N,PULASKI RD,2525,,,,,,,2,NO INDICATION OF INJURY,0,0,0,0,0,2,0,13,4,7,41.92375069,-87.726895963,POINT (-87.72689596313 41.92375068963)
3becec888a4ab3fef2b091ff401d47844c4905744e8bd2fbd8dfc5cd3e3e5c66c54cada8095ce633209add9b1318f6661fea2269a771d5d9e7ae81d0da887658,JD225122,,05/05/2020 06:49:00 PM,30,STOP SIGN/FLASHER,NO CONTROLS,CLEAR,DAYLIGHT,TURNING,OTHER,,STRAIGHT AND LEVEL,DRY,NO DEFECTS,,NO INJURY / DRIVE AWAY,,,,$500 OR LESS,05/05/2020 06:53:00 PM,UNABLE TO DETERMINE,NOT APPLICABLE,1002,W,18TH ST,1235,,,,,,,2,NO INDICATION OF INJURY,0,0,0,0,0,2,0,18,3,5,41.858129408,-87.651695927,POINT (-87.651695927212 41.858129407543)
3e5652324e6b88c7cbfc8f5a7b9ed89ae6cc2c69db113af5ac9c06a1ee7bac10fd8edf4a14af389e961802de3a4849df5047eadf1876c075fe9ba8cecd350877,JG337657,,07/12/2023 08:15:00 AM,30,TRAFFIC SIGNAL,UNKNOWN,RAIN,DAYLIGHT,PEDALCYCLIST,FOUR WAY,,STRAIGHT AND LEVEL,WET,UNKNOWN,ON SCENE,INJURY AND / OR TOW DUE TO CRASH,,,Y,$500 OR LESS,07/12/2023 08:30:00 AM,UNABLE TO DETERMINE,UNABLE TO DETERMINE,2801,W,55TH ST,824,,,,,,,2,NONINCAPACITATING INJURY,1,0,0,1,0,1,0,8,4,7,41.793580011,-87.693855541,POINT (-87.693855541383 41.79358001142)
3ec25160b1d6fa5475ee362a3e4d27704709fd36bec48aff19d4a9ba9b8a00852703083f1d018bcf7cf290023ed75d9bee8eb45192bf89238ff547a0fedfb815,JG337667,,07/12/2023 08:00:00 AM,30,NO CONTROLS,NO CONTROLS,CLOUDY/OVERCAST,DAYLIGHT,PARKED MOTOR VEHICLE,DIVIDED - W/MEDIAN (NOT RAISED),,STRAIGHT AND LEVEL,DRY,UNKNOWN,ON SCENE,INJURY AND / OR TOW DUE TO CRASH,,,,"OVER $1,500",07/12/2023 08:09:00 AM,UNABLE TO DETERMINE,UNABLE TO DETERMINE,2920,N,SACRAMENTO AVE,1411,,,,,,,2,NO INDICATION OF INJURY,0,0,0,0,0,1,0,8,4,7,41.934541758,-87.702739415,POINT (-87.702739414968 41.934541757511)
40b80e4f962418c762286b90dd995e31c703abd94104539968723edaec338354a63dec1cad2645624f26658485ac8470a0fd975f49711904236b35f62f295eff,JG338532,,07/12/2023 08:53:00 PM,30,TRAFFIC SIGNAL,FUNCTIONING PROPERLY,CLEAR,DAYLIGHT,ANGLE,FOUR WAY,,STRAIGHT AND LEVEL,DRY,NO DEFECTS,ON SCENE,NO INJURY / DRIVE AWAY,,,,"OVER $1,500",07/12/2023 08:55:00 PM,FAILING TO YIELD RIGHT-OF-WAY,DRIVING SKILLS/KNOWLEDGE/EXPERIENCE,140,N,MORGAN ST,1224,,,,,,,2,NO INDICATION OF INJURY,0,0,0,0,0,2,0,20,4,7,41.884380659,-87.652252057,POINT (-87.652252057118 41.884380658558)
40f9370fccbaab8eca4a3f773659ba6f0bd7eee634edf302f6aef104e5f8b51861d07bcb98778b77b16bd036ac6c097d3ff66e5d70ad25c4fc49643c0f9cbb57,JG338322,,07/12/2023 05:21:00 PM,30,NO CONTROLS,NO CONTROLS,CLOUDY/OVERCAST,DAYLIGHT,PEDALCYCLIST,NOT DIVIDED,,STRAIGHT AND LEVEL,WET,NO DEFECTS,ON SCENE,INJURY AND / OR TOW DUE TO CRASH,,,,"OVER $1,500",07/12/2023 05:24:00 PM,FAILING TO YIELD RIGHT-OF-WAY,NOT APPLICABLE,1357,N,MILWAUKEE AVE,1433,,,,,,,2,INCAPACITATING INJURY,1,0,1,0,0,1,0,17,4,7,41.906595842,-87.671323023,POINT (-87.671323022947 41.90659584185)
428c97b16be6b4cc99c13995b73d46316d588f8c64ddfdab4664046bfa4384e02056d60f85e2d9053a857a61ce150503141b65061f5f33c236ef27d69f6cbbbe,JG338489,,07/12/2023 07:20:00 PM,10,NO CONTROLS,NO CONTROLS,CLEAR,DAYLIGHT,PEDESTRIAN,PARKING LOT,,STRAIGHT AND LEVEL,WET,NO DEFECTS,ON SCENE,NO INJURY / DRIVE AWAY,,,,$500 OR LESS,07/12/2023 07:23:00 PM,UNABLE TO DETERMINE,UNABLE TO DETERMINE,2021,W,CHICAGO AVE,1221,,,,,,,2,NO INDICATION OF INJURY,0,0,0,0,0,2,0,19,4,7,41.89578523,-87.677930893,POINT (-87.677930892592 41.895785229598)
44ce4eabab106d0009ba235703b27ab7c3a6078813772f31e7d1a4d9e2da3d200332d1891f8e5d5c827887bb763d22919a99260bc842b0573be3a144b81cb874,JG340778,,07/12/2023 05:00:00 PM,30,TRAFFIC SIGNAL,UNKNOWN,RAIN,DAYLIGHT,REAR END,ONE-WAY,,STRAIGHT AND LEVEL,UNKNOWN,UNKNOWN,NOT ON SCENE (DESK REPORT),NO INJURY / DRIVE AWAY,,,,"OVER $1,500",07/14/2023 02:15:00 PM,UNABLE TO DETERMINE,UNABLE TO DETERMINE,3359,W,CONGRESS PKWY,1134,,,,,,,2,NO INDICATION OF INJURY,0,0,0,0,0,2,0,17,4,7,41.874434778,-87.710765075,POINT (-87.710765075441 41.874434778336)
4530ae5ae1dc3217211f70dcd559deac95dac0e18112adccdcc7ccb1c4c507eb85a966f8fc063f17d8a5e2b6f7f26557739b972e4309dcd66176d4720e31d636,JG337752,,07/12/2023 09:55:00 AM,30,TRAFFIC SIGNAL,FUNCTIONING PROPERLY,RAIN,DAYLIGHT,TURNING,FOUR WAY,,STRAIGHT AND LEVEL,WET,NO DEFECTS,ON SCENE,NO INJURY / DRIVE AWAY,Y,,,"OVER $1,500",07/12/2023 09:59:00 AM,IMPROPER LANE USAGE,IMPROPER TURNING/NO SIGNAL,525,N,ORLEANS ST,1831,,,,,,,2,NO INDICATION OF INJURY,0,0,0,0,0,2,0,9,4,7,41.891507704,-87.636882677,POINT (-87.636882677276 41.891507704413)
45e40693a5c179199995171b1b37cbc99d490f8be95b72eb8677eec78b0cd549c6704c5c8d6b4b560aa6b599fcf29f6e7fb1e91dfad2027bfd291334067e4569,JG338490,,07/12/2023 07:30:00 PM,15,NO CONTROLS,NO CONTROLS,RAIN,DUSK,REAR TO SIDE,PARKING LOT,,STRAIGHT AND LEVEL,WET,NO DEFECTS,NOT ON SCENE (DESK REPORT),NO INJURY / DRIVE AWAY,,,,"OVER $1,500",07/12/2023 08:00:00 PM,UNABLE TO DETERMINE,NOT APPLICABLE,6560,W,FULLERTON AVE,2512,,,,,,,2,NO INDICATION OF INJURY,0,0,0,0,0,2,0,19,4,7,41.923750201,-87.78988086,POINT (-87.789880859626 41.923750201042)
460aedac92923f7d63ccb4069257e34ce6cd3f9e67fb04b8d58b1cf80d3dbe92e219fc5f381edb0ef03c9add7bdb72f2b3552324bde41d6beaa261eea92eff38,JG338234,,07/12/2023 03:45:00 PM,45,NO CONTROLS,NO CONTROLS,RAIN,DAYLIGHT,FIXED OBJECT,DIVIDED - W/MEDIAN BARRIER,,"CURVE, LEVEL",WET,NO DEFECTS,ON SCENE,INJURY AND / OR TOW DUE TO CRASH,,,,"OVER $1,500",07/12/2023 04:04:00 PM,UNABLE TO DETERMINE,UNABLE TO DETERMINE,1200,N,LAKE SHORE DR NB,1824,,,,,,,1,NO INDICATION OF INJURY,0,0,0,0,0,1,0,15,4,7,41.904076743,-87.624803937,POINT (-87.624803937073 41.904076743028)
457761517b80a1121f4c5a726e39e3ec0313d8fe41341d029dc01b4656281c2e4acb6f95829bceafd67289a3e2f276986a182d6d6386570852fcfd6f15791018,JC421624,,09/05/2019 01:25:00 PM,30,TRAFFIC SIGNAL,FUNCTIONING PROPERLY,CLEAR,DAYLIGHT,TURNING,NOT DIVIDED,,STRAIGHT AND LEVEL,DRY,NO DEFECTS,,NO INJURY / DRIVE AWAY,Y,,Y,$500 OR LESS,09/05/2019 07:15:00 PM,UNABLE TO DETERMINE,NOT APPLICABLE,2,N,LA SALLE ST,122,,,,,,,2,NO INDICATION OF INJURY,0,0,0,0,0,2,0,13,5,9,41.881992298,-87.632506627,POINT (-87.632506626701 41.881992298253)
46e81bb5370fd26d491161c7eecacb7825b9008a5a6e3713be355826161b7ed411da74da86e5935972e48b6b11bb1f87c0b24d6fb8cd0ff9dacb48cdbd002a18,JG337616,,07/12/2023 06:45:00 AM,30,NO CONTROLS,NO CONTROLS,RAIN,DAYLIGHT,PARKED MOTOR VEHICLE,NOT DIVIDED,,STRAIGHT AND LEVEL,WET,UNKNOWN,ON SCENE,NO INJURY / DRIVE AWAY,,,Y,"$501 - $1,500",07/12/2023 07:00:00 AM,FAILING TO YIELD RIGHT-OF-WAY,NOT APPLICABLE,6400,S,LINDER AVE,813,,,,,,,2,NO INDICATION OF INJURY,0,0,0,0,0,2,0,6,4,7,41.776240592,-87.759368971,POINT (-87.759368970826 41.776240591525)
4963255905f8cbc820c1c1c7d767c58b010fc319422fef9786e97fd0ef7d4ddc74a6a633b0195d6fa2062131b309fe9a77200054debd779f58b9a52d1a6fefd9,JG339472,,07/12/2023 05:20:00 PM,20,STOP SIGN/FLASHER,FUNCTIONING PROPERLY,RAIN,DAYLIGHT,ANGLE,FOUR WAY,,STRAIGHT AND LEVEL,WET,NO DEFECTS,NOT ON SCENE (DESK REPORT),NO INJURY / DRIVE AWAY,,,,"OVER $1,500",07/13/2023 03:40:00 PM,EQUIPMENT - VEHICLE CONDITION,NOT APPLICABLE,4200,N,KEELER AVE,1722,,,,,,,2,NO INDICATION OF INJURY,0,0,0,0,0,4,0,17,4,7,41.957334307,-87.732733236,POINT (-87.732733235773 41.957334307207)
4a0a318ac37d1aa5f7a69116a4aee21f900bfea389324ae87f35b8a02cf5e11ffd3a605217083e9379eadecdeff0da274b769d14fea0683b9be071785aa5e9f8,JG388401,,07/12/2023 02:00:00 PM,30,UNKNOWN,UNKNOWN,CLEAR,DAYLIGHT,ANGLE,UNKNOWN,,STRAIGHT AND LEVEL,UNKNOWN,UNKNOWN,ON SCENE,INJURY AND / OR TOW DUE TO CRASH,,,,"OVER $1,500",07/12/2023 06:27:00 PM,UNABLE TO DETERMINE,UNABLE TO DETERMINE,4701,S,CHRISTIANA AVE,821,,,,,,,2,NONINCAPACITATING INJURY,1,0,0,1,0,1,0,14,4,7,41.808011615,-87.707510288,POINT (-87.707510287599 41.808011614559)
4a15c209e2a2c058bba078ecf1de23727cad925e26e12ed5c5d33fb6672666fb662eb7f5da72975723b0e9584bcd9d936c161c8c18870db5068b86748646529c,JG337458,,07/12/2023 12:01:00 AM,30,NO CONTROLS,NO CONTROLS,CLEAR,"DARKNESS, LIGHTED ROAD",TURNING,NOT DIVIDED,,STRAIGHT AND LEVEL,DRY,NO DEFECTS,ON SCENE,NO INJURY / DRIVE AWAY,,,Y,"$501 - $1,500",07/12/2023 01:31:00 AM,UNABLE TO DETERMINE,UNABLE TO DETERMINE,817,E,63RD ST,312,,,,,,,2,NO INDICATION OF INJURY,0,0,0,0,0,3,0,0,4,7,41.780312183,-87.605153312,POINT (-87.605153311669 41.780312183322)
4ad9fe359886b29f863f9a829fa28ac1196675bfb70381915067b28afe57d6c3bfdae304baf2f0d195338b5e414dc07e6692495112085592e823952879d6654f,JG339939,,07/12/2023 07:54:00 PM,30,NO CONTROLS,NO CONTROLS,CLEAR,DAYLIGHT,PARKED MOTOR VEHICLE,NOT DIVIDED,,STRAIGHT AND LEVEL,DRY,NO DEFECTS,NOT ON SCENE (DESK REPORT),NO INJURY / DRIVE AWAY,,,Y,"OVER $1,500",07/13/2023 08:29:00 PM,UNABLE TO DETERMINE,NOT APPLICABLE,321,E,44TH ST,215,,,,,,,2,NO INDICATION OF INJURY,0,0,0,0,0,1,0,19,4,7,41.814681321,-87.618803908,POINT (-87.618803908454 41.81468132078)
4a0855386efa0a2802faf2bd2896c3e5c4da9f15334b0452070ea3780972acde7aa2d313a85ad8b6e80d82e267348e6eef069ac76c54a69b241386e1a9c58bf1,JC367496,,07/27/2019 10:21:00 PM,30,STOP SIGN/FLASHER,NO CONTROLS,CLEAR,DARKNESS,TURNING,NOT DIVIDED,,STRAIGHT AND LEVEL,DRY,NO DEFECTS,,INJURY AND / OR TOW DUE TO CRASH,,,,"$501 - $1,500",07/27/2019 10:32:00 PM,NOT APPLICABLE,NOT APPLICABLE,10700,S,FAIRFIELD AVE,2212,Y,Y,,,,,2,NO INDICATION OF INJURY,0,0,0,0,0,2,0,22,7,7,41.698903354,-87.690146516,POINT (-87.69014651566 41.69890335395)
4b3fba7d261b97b92de2664405d1b21884ebf654d412a55a96f4576fdf24b4ac681bb44f12a400aa14f3794610d1029b7f5b2eba34293a61425b85dd710af97e,JG337866,,07/12/2023 11:25:00 AM,30,TRAFFIC SIGNAL,FUNCTIONING PROPERLY,CLEAR,DAYLIGHT,REAR END,DIVIDED - W/MEDIAN (NOT RAISED),,STRAIGHT AND LEVEL,DRY,NO DEFECTS,NOT ON SCENE (DESK REPORT),NO INJURY / DRIVE AWAY,N,,,"OVER $1,500",07/12/2023 11:45:00 AM,FOLLOWING TOO CLOSELY,FOLLOWING TOO CLOSELY,2550,N,PULASKI RD,2524,,,,,,,2,NO INDICATION OF INJURY,0,0,0,0,0,2,0,11,4,7,41.927813509,-87.727013034,POINT (-87.727013034313 41.92781350925)
4ba72ec958ac572843008b38a3db60104fc8e4168ae77803387ea1df7cc22b8a35b224bea38980d71da36e17c585cdbfac912e73dda0e8f1dc15a296516e75a6,JG337693,,07/12/2023 08:35:00 AM,30,TRAFFIC SIGNAL,FUNCTIONING PROPERLY,RAIN,DAYLIGHT,TURNING,NOT DIVIDED,,STRAIGHT AND LEVEL,WET,UNKNOWN,ON SCENE,NO INJURY / DRIVE AWAY,Y,,,"OVER $1,500",07/12/2023 08:43:00 AM,UNABLE TO DETERMINE,NOT APPLICABLE,2956,N,CENTRAL PARK AVE,2523,N,,,,,,2,NO INDICATION OF INJURY,0,0,0,0,0,2,0,8,4,7,41.935065822,-87.717424292,POINT (-87.717424292063 41.935065821985)
4c1bb79feb571cfc01938e2095ff8d3f8f9a4bc9cbfb66e693f57b4275c6f28fceaa530669b53168f2bd772cd4bd2b0099138714b26ab7264ef9efaef2c962fc,JG339692,,07/12/2023 05:15:00 PM,30,NO CONTROLS,NO CONTROLS,CLEAR,DAYLIGHT,SIDESWIPE SAME DIRECTION,DIVIDED - W/MEDIAN (NOT RAISED),,STRAIGHT AND LEVEL,DRY,NO DEFECTS,NOT ON SCENE (DESK REPORT),NO INJURY / DRIVE AWAY,,,Y,"$501 - $1,500",07/13/2023 05:37:00 PM,IMPROPER OVERTAKING/PASSING,NOT APPLICABLE,5400,S,CALIFORNIA AVE,923,,,,,,,2,NO INDICATION OF INJURY,0,0,0,0,0,2,0,17,4,7,41.79542276,-87.693992356,POINT (-87.693992356462 41.795422759814)
4eaa80d7fbb75ded3988595d0582f6e583db5e3d83ac5114e58da5e9b8017fefbb56bf99cfa9832992270fe3d4b6993f5675317c363228f374d7b6edd760cfd9,JG337920,Y,07/12/2023 11:45:00 AM,30,NO CONTROLS,NO CONTROLS,RAIN,DAYLIGHT,TURNING,NOT DIVIDED,,STRAIGHT AND LEVEL,WET,NO DEFECTS,,NO INJURY / DRIVE AWAY,,,Y,"OVER $1,500",07/12/2023 12:30:00 PM,FAILING TO YIELD RIGHT-OF-WAY,IMPROPER TURNING/NO SIGNAL,6830,N,SHERIDAN RD,2431,,,,,,,2,NO INDICATION OF INJURY,0,0,0,0,0,2,0,11,4,7,42.006496425,-87.661358792,POINT (-87.661358791829 42.006496425428)